1.    List all customer details.

mysql> select * from CUSTOMER;
+------+--------+------------------+-----------+------------+
| C_ID | NAME   | ADDRESS          | CITY      | PH_NO      |
+------+--------+------------------+-----------+------------+
|  115 | Raghav | pularipadam      | kollam    | 7226296837 |
|  121 | pranav | manmapplii house | kozhikode | 9845127890 |
|  134 | priya  | chakkalakal      | kottayam  | 9845137890 |
|  145 | Anitta | THEKKEPULLIYAL   | PALAKKAD  | 9876543211 |
|  234 | saniya | chakkaraparamb   | Alappuzha | 9876432110 |
|  543 | Bindhu | manavvilas       | Alappuzha | 9878882110 |
|  767 | Nidhal | razakhouse       | Kozhikode | 8756431290 |
+------+--------+------------------+-----------+------------+
7 rows in set (0.00 sec)


2.    List pname, price of all products.
mysql> SELECT P_NAME,PRICE FROM PRODUCT;
+---------------+-------+
| P_NAME        | PRICE |
+---------------+-------+
| Book          |   184 |
| Floor cleaner |   326 |
| Bottle        |   255 |
| Bag           |  1020 |
| Snacks        |   551 |
| Soap          |    82 |
| Lunch Box     |   408 |
+---------------+-------+
7 rows in set (0.00 sec)



3.    List all invoice items, avoid duplicates.
mysql> SELECT DISTINCT INV_ID FROM INVOICE_ITEM;
+--------+
| INV_ID |
+--------+
|    100 |
|    190 |
|    752 |
+--------+
3 rows in set (0.00 sec)


4.    List product price between 50rs and 150rs
5.    List the customer details who lives in ‘ekm’,’tvm’.
6.    List the invoice details from 1st January 2023 to 15th February 2023
7.    List the customer details who not live in ‘tvm’.
8.    List the customers who have no phone number.
9.    Display customer names in descending order.
10. Display the customer details sorted in ascending by city and descending by names.
11. Find the customer names start with ‘A’.
12. Find the customer names who have ‘e’ or ‘a’ in them.
13. Find the customer names who have at least 3 characters.
14. List the names of customers their names have ‘r’ in second position.
15. Find the customer names start with ‘a’ and are at least 3 characters in length.

