                    EXPERIMENT NO: 1.8 
                    *******************

                OPTIMIZING DATABASE: (JOINS)
                ******************************
                
                
 mysql> select * from CUSTOMER;
+------+--------+------------------+-----------+------------+
| C_ID | NAME   | ADDRESS          | CITY      | PH_NO      |
+------+--------+------------------+-----------+------------+
|  115 | Raghav | pularipadam      | kollam    | 7226296837 |
|  121 | pranav | manmapplii house | kozhikode | 9845127890 |
|  134 | priya  | chakkalakal      | kottayam  | 9845137890 |
|  145 | Anitta | THEKKEPULLIYAL   | PALAKKAD  | 9876543211 |
|  188 | meena  | pularikaav       | kannur    | NULL       |
|  234 | saniya | chakkaraparamb   | Alappuzha | 9876432110 |
|  543 | Bindhu | manavvilas       | Alappuzha | 9878882110 |
|  767 | Nidhal | razakhouse       | Kozhikode | 8756431290 |
+------+--------+------------------+-----------+------------+
8 rows in set (0.00 sec)

mysql> select * from PRODUCT;
+------+---------------+-------+
| P_ID | P_NAME        | PRICE |
+------+---------------+-------+
|  117 | Book          |   184 |
|  222 | Floor cleaner |   326 |
|  230 | Bottle        |   255 |
|  457 | Bag           |  1020 |
|  786 | Snacks        |   551 |
|  880 | Soap          |    82 |
|  986 | Lunch Box     |   408 |
+------+---------------+-------+
7 rows in set (0.00 sec)

mysql> select * from INVOICE_MASTER;
+--------+---------+------------+
| INV_ID | CUST_ID | INV_DATE   |
+--------+---------+------------+
|      1 |     121 | 2023-03-13 |
|     42 |     115 | 2023-06-18 |
|    100 |     115 | 2023-05-29 |
|    190 |     234 | 2022-03-20 |
|    300 |     767 | 2023-01-19 |
|    752 |     543 | 2022-11-12 |
+--------+---------+------------+
6 rows in set (0.00 sec)

mysql> select * from INVOICE_ITEM;
+--------+------+----------+
| INV_ID | PID  | QUANTITY |
+--------+------+----------+
|    100 |  222 |       22 |
|    100 |  457 |       22 |
|    190 |  986 |       10 |
|    190 |  880 |       10 |
|    752 |  880 |       10 |
|    100 |  986 |        2 |
|    300 |  457 |        3 |
|    752 |  222 |        2 |
+--------+------+----------+
8 rows in set (0.00 sec)
.............................................................................................................................................

1. List the product name and quantity of invoice items.

mysql> select PRODUCT.P_NAME, INVOICE_ITEM.QUANTITY from PRODUCT inner join INVOICE_ITEM on PRODUCT.P_ID=INVOICE_ITEM.PID;
+---------------+----------+
| P_NAME        | QUANTITY |
+---------------+----------+
| Floor cleaner |       22 |
| Bag           |       22 |
| Lunch Box     |       10 |
| Soap          |       10 |
| Soap          |       10 |
| Lunch Box     |        2 |
| Bag           |        3 |
| Floor cleaner |        2 |
+---------------+----------+
8 rows in set (0.00 sec)
...................................................................................................................................................

2.Display invoice details of the transaction dated ’29-05-2023’.

mysql> select CUSTOMER.NAME,PRODUCT.P_NAME,PRODUCT.PRICE,INVOICE_MASTER.INV_ID,INVOICE_MASTER.INV_DATE,INVOICE_ITEM.QUANTITY from CUSTOMER inner join INVOICE_MASTER on CUSTOMER.C_ID=INVOICE_MASTER.CUST_ID inner join INVOICE_ITEM on INVOICE_MASTER.INV_ID=INVOICE_ITEM.INV_ID Inner join PRODUCT on PRODUCT.P_ID=INVOICE_ITEM.PID where INV_DATE='2023-05-29';
+--------+---------------+-------+--------+------------+----------+
| NAME   | P_NAME        | PRICE | INV_ID | INV_DATE   | QUANTITY |
+--------+---------------+-------+--------+------------+----------+
| Raghav | Floor cleaner |   326 |    100 | 2023-05-29 |       22 |
| Raghav | Bag           |  1020 |    100 | 2023-05-29 |       22 |
| Raghav | Lunch Box     |   408 |    100 | 2023-05-29 |        2 |
+--------+---------------+-------+--------+------------+----------+
3 rows in set (0.00 sec)
........................................................................................................................................................................................................................................................................................................................................................

3.Display the customer name, product name, invoice date of purchased item ‘Lunch Box’.

mysql> select CUSTOMER.NAME,PRODUCT.P_NAME,INVOICE_MASTER.INV_DATE from CUSTOMER inner join INVOICE_MASTER on CUSTOMER.C_ID=INVOICE_MASTER.CUST_ID inner join INVOICE_ITEM on INVOICE_MASTER.INV_ID=INVOICE_ITEM.INV_ID inner join PRODUCT on PRODUCT.P_ID=INVOICE_ITEM.PID where P_NAME='Lunch Box';
+--------+-----------+------------+
| NAME   | P_NAME    | INV_DATE   |
+--------+-----------+------------+
| saniya | Lunch Box | 2022-03-20 |
| Raghav | Lunch Box | 2023-05-29 |
+--------+-----------+------------+
2 rows in set (0.00 sec)
.....................................................................................................................................

4.  Display all customer details and invoice details must include customer has not purchased items.

mysql> select CUSTOMER.NAME,PRODUCT.P_NAME,INVOICE_MASTER.INV_ID,INVOICE_MASTER.INV_DATE from CUSTOMER left join INVOICE_MASTER on CUSTOMER.C_ID=INVOICE_MASTER.CUST_ID left join INVOICE_ITEM on INVOICE_MASTER.INV_ID=INVOICE_ITEM.INV_ID left join PRODUCT on PRODUCT.P_ID=INVOICE_ITEM.PID;
+--------+---------------+--------+------------+
| NAME   | P_NAME        | INV_ID | INV_DATE   |
+--------+---------------+--------+------------+
| Raghav | NULL          |     42 | 2023-06-18 |
| Raghav | Floor cleaner |    100 | 2023-05-29 |
| Raghav | Bag           |    100 | 2023-05-29 |
| Raghav | Lunch Box     |    100 | 2023-05-29 |
| pranav | NULL          |      1 | 2023-03-13 |
| priya  | NULL          |   NULL | NULL       |
| Anitta | NULL          |   NULL | NULL       |
| meena  | NULL          |   NULL | NULL       |
| saniya | Lunch Box     |    190 | 2022-03-20 |
| saniya | Soap          |    190 | 2022-03-20 |
| Bindhu | Soap          |    752 | 2022-11-12 |
| Bindhu | Floor cleaner |    752 | 2022-11-12 |
| Nidhal | Bag           |    300 | 2023-01-19 |
+--------+---------------+--------+------------+
13 rows in set (0.00 sec)
...............................................................................................................................................................................................

