                         a) TCL COMMANDS
                         ****************
1.    Commit
           
 mysql> set autocommit=off;
Query OK, 0 rows affected (0.00 sec)


mysql> select * from EMPLOYEE;
+------+----------+------------+---------+------------+
| SSN  | emp_name | emp_city   | emp_dob | aadhaar_no |
+------+----------+------------+---------+------------+
|   13 | Meera    | Kozhikode  |    2001 |    2994561 |
|   23 | Das      | Malappuram |    1999 |    2214561 |
|   18 | Sradha   | Thrissur   |    2002 |     445861 |
|   48 | Megha    | Ernakulam  |    1997 |     876523 |
|   52 | vishal   | Kollam     |    1993 |    9276523 |
|   45 | Ananthu  | wayanad    |    2003 |    2345667 |
+------+----------+------------+---------+------------+
6 rows in set (0.00 sec)

mysql> insert into EMPLOYEE values(87,"anitha","palakkad",2003,456677866);
Query OK, 1 row affected (0.00 sec)


mysql> commit;
Query OK, 0 rows affected (0.00 sec)

mysql> select * from EMPLOYEE;
+------+----------+------------+---------+------------+
| SSN  | emp_name | emp_city   | emp_dob | aadhaar_no |
+------+----------+------------+---------+------------+
|   13 | Meera    | Kozhikode  |    2001 |    2994561 |
|   23 | Das      | Malappuram |    1999 |    2214561 |
|   18 | Sradha   | Thrissur   |    2002 |     445861 |
|   48 | Megha    | Ernakulam  |    1997 |     876523 |
|   52 | vishal   | Kollam     |    1993 |    9276523 |
|   45 | Ananthu  | wayanad    |    2003 |    2345667 |
|   87 | anitha   | palakkad   |    2003 |  456677866 |
+------+----------+------------+---------+------------+
7 rows in set (0.00 sec)

2.    Rollback


mysql> select * from EMPLOYEE;
+------+----------+------------+---------+------------+
| SSN  | emp_name | emp_city   | emp_dob | aadhaar_no |
+------+----------+------------+---------+------------+
|   13 | Meera    | Kozhikode  |    2001 |    2994561 |
|   23 | Das      | Malappuram |    1999 |    2214561 |
|   18 | Sradha   | Thrissur   |    2002 |     445861 |
|   48 | Megha    | Ernakulam  |    1997 |     876523 |
|   52 | vishal   | Kollam     |    1993 |    9276523 |
|   45 | Ananthu  | wayanad    |    2003 |    2345667 |
|   87 | anitha   | palakkad   |    2003 |  456677866 |
+------+----------+------------+---------+------------+
7 rows in set (0.00 sec)

mysql> insert into EMPLOYEE values(68,"william","kasaragod",1995,42277466);
Query OK, 1 row affected (0.00 sec)

mysql> rollback;
Query OK, 0 rows affected (0.00 sec)

mysql> select * from EMPLOYEE;
+------+----------+------------+---------+------------+
| SSN  | emp_name | emp_city   | emp_dob | aadhaar_no |
+------+----------+------------+---------+------------+
|   13 | Meera    | Kozhikode  |    2001 |    2994561 |
|   23 | Das      | Malappuram |    1999 |    2214561 |
|   18 | Sradha   | Thrissur   |    2002 |     445861 |
|   48 | Megha    | Ernakulam  |    1997 |     876523 |
|   52 | vishal   | Kollam     |    1993 |    9276523 |
|   45 | Ananthu  | wayanad    |    2003 |    2345667 |
|   87 | anitha   | palakkad   |    2003 |  456677866 |
+------+----------+------------+---------+------------+
7 rows in set (0.00 sec)

3.    Savepoint

b) DCL COMMAND
          Create two users user1, user2
         1.      GRANT
                    ->Give insert and select privilege to user 1 on customer table in the invoice database.
                    ->Give update and delete privilege to user 2 on all tables in the invoice database.
        2.      REVOKE
                   ->Remove delete privilege of user 2.
